<isoMessageTemplate note="note">
    <createMessage type="1x200">
        <field id="1" dataType="BINARY" encodeMech="HEX"/>
    </createMessage>
    <parseMessage type="1x100">
        <field  id="1"  dataType="BINARY"   encodeMech="HEX"    length="8"/>
        <field  id="2"  dataType="ASCII"    encodeMech="HEX"    format="LLVAR"/>
        <field  id="3"  dataType="ASCII"    encodeMech="HEX"    length="6"/>
        <field  id="4"  dataType="ASCII"    encodeMech="HEX"    length="12"/>
        <field  id="5"  dataType="ASCII"    encodeMech="HEX"    length="12"/>
        <field  id="6"  dataType="ASCII"    encodeMech="HEX"    length="12"/>
        <field  id="9"  dataType="ASCII"    encodeMech="HEX"    length="8"/>
        <field  id="10" dataType="ASCII"    encodeMech="HEX"    length="8"/>
        <field  id="11" dataType="ASCII"    encodeMech="HEX"    length="6"/>
        <field  id="12" dataType="ASCII"    encodeMech="HEX"    length="12"/>
        <field  id="14" dataType="ASCII"    encodeMech="HEX"    length="4"/>
        <field  id="15" dataType="ASCII"    encodeMech="HEX"    length="6"/>
        <field  id="18" dataType="ASCII"    encodeMech="HEX"    length="4"/>
        <field  id="32" dataType="ASCII"    encodeMech="HEX"    format="LLVAR"/>
        <field  id="37" dataType="ASCII"    encodeMech="HEX"    length="12"/>
        <field  id="41" dataType="ASCII"    encodeMech="HEX"    length="8"/>
        <field  id="42" dataType="ASCII"    encodeMech="HEX"    length="15"/>
        <field  id="43" dataType="ASCII"    encodeMech="HEX"    length="40"/>
        <field  id="48" dataType="ASCII"    encodeMech="HEX"    format="LLLVAR" nested="GENERAL"/>
        <field  id="49" dataType="ASCII"    encodeMech="HEX"    length="3"/>
        <field  id="50" dataType="ASCII"    encodeMech="HEX"    length="3"/>
        <field  id="51" dataType="ASCII"    encodeMech="HEX"    length="3"/>
        <field  id="54" dataType="ASCII"    encodeMech="HEX"    format="LLLVAR" nested="GENERAL"/>
        <field id="100" dataType="ASCII"    encodeMech="HEX"    format="LLVAR"/>
        <field id="102" dataType="ASCII"    encodeMech="HEX"    format="LLVAR"/>
    </parseMessage>
    <createMessage type="1x110">
        <field  id="1"  dataType="BINARY"   encodeMech="HEX"    length="8"/>
        <field  id="2"  dataType="ASCII"    encodeMech="HEX"    format="LLVAR"/>
        <field  id="3"  dataType="ASCII"    encodeMech="HEX"    length="6"/>
        <field  id="4"  dataType="ASCII"    encodeMech="HEX"    length="12"/>
        <field  id="5"  dataType="ASCII"    encodeMech="HEX"    length="12"/>
        <field  id="11" dataType="ASCII"    encodeMech="HEX"    length="6"/>
        <field  id="37" dataType="ASCII"    encodeMech="HEX"    length="12"/>
        <field  id="41" dataType="ASCII"    encodeMech="HEX"    length="8"/>
        <field  id="48" dataType="ASCII"    encodeMech="HEX"    format="LLLVAR" nested="GENERAL"/>
        <field  id="49" dataType="ASCII"    encodeMech="HEX"    length="3"/>
        <field  id="50" dataType="ASCII"    encodeMech="HEX"    length="3"/>
        <field  id="51" dataType="ASCII"    encodeMech="HEX"    length="3"/>
        <field  id="54" dataType="ASCII"    encodeMech="HEX"    format="LLLVAR" nested="GENERAL"/>
    </createMessage>

    <!-- Network Management Message -->
    <createmessage type="1x804">
        <field  id="11" dataType="ASCII"    encodeMech="HEX"    length="6"/>
        <field  id="12" dataType="ASCII"    encodeMech="HEX"    length="12"/>
        <field  id="24" dataType="ASCII"    encodeMech="HEX"    length="3"/>
    </createmessage>

    <parsemessage type="1x814">
        <field  id="11" dataType="HEX"    encodeMech="HEX"    length="6"/>
        <field  id="24" dataType="HEX"    encodeMech="HEX"    length="3"/>
        <field  id="39" dataType="HEX"    encodeMech="HEX"    length="3"/>
    </parsemessage>
</isoMessageTemplate>