<Configuration>
    <Properties>
        <Property name="BASE_DIR">X:\SpringLog\bridge</Property>
<!--        <Property name="BASE_DIR">C:\Users\User\Documents\adbridge</Property>-->
    </Properties>
    <Appenders>
        <File name="Bridge" fileName="${BASE_DIR}/app.log">
            <PatternLayout pattern="%d{HH:mm:ss.SSS} [%t] %-5level %logger{36} - %msg%n"/>
        </File>
        <File name="Message" fileName="${BASE_DIR}/message.log">
            <PatternLayout pattern="%d{HH:mm:ss.SSS} [%t] %-5level %logger{36} - %msg%n"/>
        </File>
        <File name="Session" fileName="${BASE_DIR}/session.log">
            <PatternLayout pattern="%d{HH:mm:ss.SSS} [%t] %-5level %logger{36} - %msg%n"/>
        </File>
        <File name="Exception" fileName="${BASE_DIR}/exception.log">
            <PatternLayout pattern="%d{HH:mm:ss.SSS} [%t] %-5level %logger{36} - %msg%n"/>
        </File>
    </Appenders>
    <Loggers>

        <!-- Common Logger -->

        <Logger name="ad.bridge" level="INFO">
            <AppenderRef ref="Bridge"/>
        </Logger>
        <Logger name="ad.bridge" level="ERROR">
            <AppenderRef ref="Bridge"/>
        </Logger>
        <Logger name="ad.bridge" level="DEBUG">
            <AppenderRef ref="Bridge"/>
        </Logger>

        <!-- Message Logger -->

        <Logger name="messageLogger" level="INFO" additivity="false">
            <AppenderRef ref="Message"/>
        </Logger>

        <!-- Session Logger -->

        <Logger name="sessionLogger" level="INFO" additivity="false">
            <AppenderRef ref="Session"/>
        </Logger>

        <!-- Exception Logger -->

        <Logger name="exceptionLogger" level="INFO" additivity="false">
            <AppenderRef ref="Exception"/>
        </Logger>
        <Logger name="exceptionLogger" level="DEBUG" additivity="false">
            <AppenderRef ref="Exception"/>
        </Logger>
        <Logger name="exceptionLogger" level="ERROR" additivity="false">
            <AppenderRef ref="Exception"/>
        </Logger>
    </Loggers>
</Configuration>