<Configuration>
    <Properties>
        <Property name="BASE_DIR">D:\SpringLog</Property>
        <Property name="ARCHIVE_DIR">${BASE_DIR}/ARCHIVE</Property>
    </Properties>
    <Appenders>
        <File name="Bridge" fileName="${BASE_DIR}/bridge/app.log">
            <PatternLayout pattern="%d{HH:mm:ss.SSS} [%t] %-5level %logger{36} - %msg%n"/>
        </File>
        <File name="Message" fileName="${BASE_DIR}/bridge/message.log">
            <PatternLayout pattern="%d{HH:mm:ss.SSS} [%t] %-5level %logger{36} - %msg%n"/>
        </File>
        <File name="Session" fileName="${BASE_DIR}/bridge/session.log">
            <PatternLayout pattern="%d{HH:mm:ss.SSS} [%t] %-5level %logger{36} - %msg%n"/>
        </File>
        <File name="Exception" fileName="${BASE_DIR}/bridge/exception.log">
            <PatternLayout pattern="%d{HH:mm:ss.SSS} [%t] %-5level %logger{36} - %msg%n"/>
        </File>
        <RollingFile name="MessageRotating" fileName="${BASE_DIR}/bridge/message.log" filePattern="${BASE_DIR}/bridge/message-%d{MM-dd-yyyy}.log.gz">
            <PatternLayout>
                <Pattern>%d{HH:mm:ss.SSS} [%t] %-5level %logger{36} - %msg%n</Pattern>
            </PatternLayout>
            <TimeBasedTriggeringPolicy />
        </RollingFile>
    </Appenders>
    <Loggers>

        <!-- Common Logger -->

        <Logger name="ad.bridge" level="INFO">
            <AppenderRef ref="Bridge"/>
        </Logger>
        <Logger name="ad.bridge" level="ERROR">
            <AppenderRef ref="Bridge"/>
        </Logger>
        <Logger name="ad.bridge" level="DEBUG">
            <AppenderRef ref="Bridge"/>
        </Logger>

        <!-- Message Logger -->

        <Logger name="messageLogger" level="INFO" additivity="false">
            <AppenderRef ref="MessageRotating"/>
        </Logger>

        <!-- Session Logger -->

        <Logger name="sessionLogger" level="INFO" additivity="false">
            <AppenderRef ref="Session"/>
        </Logger>

        <!-- Exception Logger -->

        <Logger name="exceptionLogger" level="INFO" additivity="false">
            <AppenderRef ref="Exception"/>
        </Logger>
        <Logger name="exceptionLogger" level="DEBUG" additivity="false">
            <AppenderRef ref="Exception"/>
        </Logger>
        <Logger name="exceptionLogger" level="ERROR" additivity="false">
            <AppenderRef ref="Exception"/>
        </Logger>
    </Loggers>
</Configuration>